{
  "a1_cosh": {
    "error": 0.0037016545763646977,
    "value": -0.0021372359784526365
  },
  "a1_cosl": {
    "error": 0.00348475356570342,
    "value": -0.00023443582338432195
  },
  "a2_cosh": {
    "error": 0.004817395028638044,
    "value": -0.19984115468465521
  },
  "a2_cosl": {
    "error": 0.004547067805106292,
    "value": -0.4045357478385722
  }
}