{
  "Nsig": {
    "value": 200238.49720719503,
    "error": 797.1500556193591
  },
  "Nbkg": {
    "value": 999761.4968992649,
    "error": 1198.5798900399839
  }
}