{
  "Nsig": {
    "value": 4549088.789229199,
    "error": 2573.836442635815
  },
  "Nbkg": {
    "value": 5001891.686616976,
    "error": 2660.529633072452
  }
}