{
  "Nsig": {
    "value": 200303.24563867852,
    "error": 709.1446353053261
  },
  "Nbkg": {
    "value": 999696.7501977629,
    "error": 1141.05273596282
  }
}